timestamp,hour,minute,seconds,milliseconds
86393796875000,23:59:53:796
86393906250000,23:59:53:906
86394000000000,23:59:54:0
86394093750000,23:59:54:93
86394203125000,23:59:54:203
86394296875000,23:59:54:296
86394406250000,23:59:54:406
86394500000000,23:59:54:500
86394593750000,23:59:54:593
86394703125000,23:59:54:703
86394796875000,23:59:54:796
86394906250000,23:59:54:906
86395000000000,23:59:55:0
86395093750000,23:59:55:93
86395203125000,23:59:55:203
86395296875000,23:59:55:296
86395406250000,23:59:55:406
86395500000000,23:59:55:500
86395593750000,23:59:55:593
86395703125000,23:59:55:703
86395796875000,23:59:55:796
86395906250000,23:59:55:906
86396000000000,23:59:56:0
86396093750000,23:59:56:93
86396203125000,23:59:56:203
86396296875000,23:59:56:296
86396406250000,23:59:56:406
86396500000000,23:59:56:500
86396593750000,23:59:56:593
86396703125000,23:59:56:703
86396796875000,23:59:56:796
86396906250000,23:59:56:906
86397000000000,23:59:57:0
86397093750000,23:59:57:93
86397203125000,23:59:57:203
86397296875000,23:59:57:296
86397406250000,23:59:57:406
86397500000000,23:59:57:500
86397593750000,23:59:57:593
86397703125000,23:59:57:703
86397796875000,23:59:57:796
86397906250000,23:59:57:906
86398000000000,23:59:58:0
86398093750000,23:59:58:93
86398203125000,23:59:58:203
86398296875000,23:59:58:296
86398406250000,23:59:58:406
86398500000000,23:59:58:500
86398593750000,23:59:58:593
86398703125000,23:59:58:703
86398796875000,23:59:58:796
86398906250000,23:59:58:906
86399000000000,23:59:59:0
86399093750000,23:59:59:93
86399203125000,23:59:59:203
86399296875000,23:59:59:296
86399406250000,23:59:59:406
86399500000000,23:59:59:500
86399593750000,23:59:59:593
86399703125000,23:59:59:703
86399796875000,23:59:59:796
86399906250000,23:59:59:906
0,0:0:0:0
100000001,0:0:0:100
199000000,0:0:0:199
300000011,0:0:0:300
398999989,0:0:0:398
500000000,0:0:0:500
600000023,0:0:0:600
699000000,0:0:0:699
800000011,0:0:0:800
898999989,0:0:0:898
1000000000,0:0:1:0
1100000023,0:0:1:100
1199000000,0:0:1:199
1299999952,0:0:1:299
1399000048,0:0:1:399
1500000000,0:0:1:500
1600000023,0:0:1:600
1699000000,0:0:1:699
1799999952,0:0:1:799
1899000048,0:0:1:899
2000000000,0:0:2:0
2099999904,0:0:2:99
2198999881,0:0:2:198
2299999952,0:0:2:299
2398999929,0:0:2:398
2500000000,0:0:2:500
2599999904,0:0:2:599
2698999881,0:0:2:698
2799999952,0:0:2:799
2898999929,0:0:2:898
3000000000,0:0:3:0
3099999904,0:0:3:99
3198999881,0:0:3:198
3299999952,0:0:3:299
3398999929,0:0:3:398
3500000000,0:0:3:500
3599999904,0:0:3:599
3698999881,0:0:3:698
3799999952,0:0:3:799
3898999929,0:0:3:898
4000000000,0:0:4:0
4099999904,0:0:4:99
4198999881,0:0:4:198
4300000190,0:0:4:300
4399000167,0:0:4:399
4500000000,0:0:4:500
4599999904,0:0:4:599
4698999881,0:0:4:698
4800000190,0:0:4:800
4899000167,0:0:4:899
5000000000,0:0:5:0
5099999904,0:0:5:99
5198999881,0:0:5:198
5300000190,0:0:5:300
5399000167,0:0:5:399
5500000000,0:0:5:500
5599999904,0:0:5:599
5698999881,0:0:5:698
5800000190,0:0:5:800
5899000167,0:0:5:899
6000000000,0:0:6:0
6099999904,0:0:6:99
6198999881,0:0:6:198
6300000190,0:0:6:300
6399000167,0:0:6:399
6500000000,0:0:6:500
6599999904,0:0:6:599
6698999881,0:0:6:698
6800000190,0:0:6:800
6899000167,0:0:6:899
7000000000,0:0:7:0
7099999904,0:0:7:99
7198999881,0:0:7:198
7300000190,0:0:7:300
7399000167,0:0:7:399
7500000000,0:0:7:500
7599999904,0:0:7:599
7698999881,0:0:7:698
7800000190,0:0:7:800
7899000167,0:0:7:899
8000000000,0:0:8:0
8100000381,0:0:8:100
8199000358,0:0:8:199
8300000190,0:0:8:300
8399000167,0:0:8:399
8500000000,0:0:8:500
8600000381,0:0:8:600
8699000358,0:0:8:699
8800000190,0:0:8:800
8899000167,0:0:8:899
9000000000,0:0:9:0
9100000381,0:0:9:100
9199000358,0:0:9:199
9300000190,0:0:9:300
9399000167,0:0:9:399
9500000000,0:0:9:500
9600000381,0:0:9:600
9699000358,0:0:9:699
9800000190,0:0:9:800
9899000167,0:0:9:899
10000000000,0:0:10:0
10100000381,0:0:10:100
10199000358,0:0:10:199
10300000190,0:0:10:300
10399000167,0:0:10:399
10500000000,0:0:10:500
10600000381,0:0:10:600
10699000358,0:0:10:699
10800000190,0:0:10:800
10899000167,0:0:10:899
11000000000,0:0:11:0
11100000381,0:0:11:100
11199000358,0:0:11:199
11300000190,0:0:11:300
11399000167,0:0:11:399
11500000000,0:0:11:500
11600000381,0:0:11:600
11699000358,0:0:11:699
11800000190,0:0:11:800
11899000167,0:0:11:899
12000000000,0:0:12:0
12100000381,0:0:12:100
12199000358,0:0:12:199
12300000190,0:0:12:300
12399000167,0:0:12:399
12500000000,0:0:12:500
12600000381,0:0:12:600
12699000358,0:0:12:699
12800000190,0:0:12:800
12899000167,0:0:12:899
13000000000,0:0:13:0
13100000381,0:0:13:100
13199000358,0:0:13:199
13300000190,0:0:13:300
13399000167,0:0:13:399
13500000000,0:0:13:500
13600000381,0:0:13:600
13699000358,0:0:13:699
13800000190,0:0:13:800
13899000167,0:0:13:899
14000000000,0:0:14:0
14100000381,0:0:14:100
14199999809,0:0:14:199
14298999786,0:0:14:298
14399000167,0:0:14:399
14500000000,0:0:14:500
14600000381,0:0:14:600
14699999809,0:0:14:699
14798999786,0:0:14:798
14899000167,0:0:14:899
15000000000,0:0:15:0
15100000381,0:0:15:100
15199999809,0:0:15:199
15298999786,0:0:15:298
15399000167,0:0:15:399
15500000000,0:0:15:500
15600000381,0:0:15:600
15699999809,0:0:15:699
15798999786,0:0:15:798
15899000167,0:0:15:899
16000000000,0:0:16:0
16100000381,0:0:16:100
16200000762,0:0:16:200
16298999786,0:0:16:298
16399000167,0:0:16:399
16500000000,0:0:16:500
16600000381,0:0:16:600
16700000762,0:0:16:700
16798999786,0:0:16:798
16899000167,0:0:16:899
17000000000,0:0:17:0
17100000381,0:0:17:100
17200000762,0:0:17:200
17298999786,0:0:17:298
17399000167,0:0:17:399
17500000000,0:0:17:500
17600000381,0:0:17:600
17700000762,0:0:17:700
17798999786,0:0:17:798
17899000167,0:0:17:899
18000000000,0:0:18:0
18100000381,0:0:18:100
18200000762,0:0:18:200
18298999786,0:0:18:298
18399000167,0:0:18:399
18500000000,0:0:18:500
18600000381,0:0:18:600
18700000762,0:0:18:700
18798999786,0:0:18:798
18899000167,0:0:18:899
19000000000,0:0:19:0
19100000381,0:0:19:100
19200000762,0:0:19:200
19298999786,0:0:19:298
19399000167,0:0:19:399
19500000000,0:0:19:500
19600000381,0:0:19:600
19700000762,0:0:19:700
19798999786,0:0:19:798
19899000167,0:0:19:899
20000000000,0:0:20:0
20100000381,0:0:20:100
20200000762,0:0:20:200
20298999786,0:0:20:298
20399000167,0:0:20:399
20500000000,0:0:20:500
20600000381,0:0:20:600
20700000762,0:0:20:700
20798999786,0:0:20:798
20899000167,0:0:20:899
21000000000,0:0:21:0
21100000381,0:0:21:100
21200000762,0:0:21:200
21298999786,0:0:21:298
21399000167,0:0:21:399
21500000000,0:0:21:500
21600000381,0:0:21:600
21700000762,0:0:21:700
21798999786,0:0:21:798
21899000167,0:0:21:899
22000000000,0:0:22:0
22100000381,0:0:22:100
22200000762,0:0:22:200
22298999786,0:0:22:298
22399000167,0:0:22:399
22500000000,0:0:22:500
22600000381,0:0:22:600
22700000762,0:0:22:700
22798999786,0:0:22:798
22899000167,0:0:22:899
23000000000,0:0:23:0
23100000381,0:0:23:100
23200000762,0:0:23:200
23298999786,0:0:23:298
23399000167,0:0:23:399
23500000000,0:0:23:500
23600000381,0:0:23:600
23700000762,0:0:23:700
23798999786,0:0:23:798
23899000167,0:0:23:899
24000000000,0:0:24:0
24100000381,0:0:24:100
24200000762,0:0:24:200
24298999786,0:0:24:298
24399000167,0:0:24:399
24500000000,0:0:24:500
24600000381,0:0:24:600
24700000762,0:0:24:700
24798999786,0:0:24:798
24899000167,0:0:24:899
25000000000,0:0:25:0
25100000381,0:0:25:100
25200000762,0:0:25:200
25298999786,0:0:25:298
25399000167,0:0:25:399
25500000000,0:0:25:500
25600000381,0:0:25:600
25700000762,0:0:25:700
25798999786,0:0:25:798
25899000167,0:0:25:899
26000000000,0:0:26:0
26100000381,0:0:26:100
26200000762,0:0:26:200
26298999786,0:0:26:298
26399000167,0:0:26:399
26500000000,0:0:26:500
26600000381,0:0:26:600
26700000762,0:0:26:700
26798999786,0:0:26:798
26899000167,0:0:26:899
27000000000,0:0:27:0
27100000381,0:0:27:100
27200000762,0:0:27:200
27298999786,0:0:27:298
27399000167,0:0:27:399
27500000000,0:0:27:500
27600000381,0:0:27:600
27700000762,0:0:27:700
27798999786,0:0:27:798
27899000167,0:0:27:899
28000000000,0:0:28:0
28100000381,0:0:28:100
28200000762,0:0:28:200
28298999786,0:0:28:298
28399000167,0:0:28:399
28500000000,0:0:28:500
28600000381,0:0:28:600
28700000762,0:0:28:700
28798999786,0:0:28:798
28899000167,0:0:28:899
29000000000,0:0:29:0
29100000381,0:0:29:100
29200000762,0:0:29:200
29298999786,0:0:29:298
29399000167,0:0:29:399
29500000000,0:0:29:500
29600000381,0:0:29:600
29700000762,0:0:29:700
29798999786,0:0:29:798
29899000167,0:0:29:899
30000000000,0:0:30:0
30100000381,0:0:30:100
30200000762,0:0:30:200
30298999786,0:0:30:298
30399000167,0:0:30:399
30500000000,0:0:30:500
30600000381,0:0:30:600
30700000762,0:0:30:700
30798999786,0:0:30:798
30899000167,0:0:30:899
31000000000,0:0:31:0
31100000381,0:0:31:100
31200000762,0:0:31:200
31298999786,0:0:31:298
31399000167,0:0:31:399
31500000000,0:0:31:500
31600000381,0:0:31:600
31700000762,0:0:31:700
31798999786,0:0:31:798
31899000167,0:0:31:899
32000000000,0:0:32:0
32099998474,0:0:32:99
32200000762,0:0:32:200
32298999786,0:0:32:298
32398998260,0:0:32:398
32500000000,0:0:32:500
32599998474,0:0:32:599
32700000762,0:0:32:700
32798999786,0:0:32:798
32898998260,0:0:32:898
33000000000,0:0:33:0
33099998474,0:0:33:99
33200000762,0:0:33:200
33298999786,0:0:33:298
33398998260,0:0:33:398
33500000000,0:0:33:500
33599998474,0:0:33:599
33700000762,0:0:33:700
33798999786,0:0:33:798
33898998260,0:0:33:898
34000000000,0:0:34:0
34099998474,0:0:34:99
34200000762,0:0:34:200
34298999786,0:0:34:298
34398998260,0:0:34:398
34500000000,0:0:34:500
34599998474,0:0:34:599
34700000762,0:0:34:700
34798999786,0:0:34:798
34898998260,0:0:34:898
35000000000,0:0:35:0
35099998474,0:0:35:99
35200000762,0:0:35:200
35298999786,0:0:35:298
35398998260,0:0:35:398
35500000000,0:0:35:500
35599998474,0:0:35:599
35700000762,0:0:35:700
35798999786,0:0:35:798
35898998260,0:0:35:898
36000000000,0:0:36:0
36099998474,0:0:36:99
36200000762,0:0:36:200
36298999786,0:0:36:298
36398998260,0:0:36:398
36500000000,0:0:36:500
36599998474,0:0:36:599
36700000762,0:0:36:700
36798999786,0:0:36:798
36898998260,0:0:36:898
37000000000,0:0:37:0
37099998474,0:0:37:99
37200000762,0:0:37:200
37298999786,0:0:37:298
37398998260,0:0:37:398
37500000000,0:0:37:500
37599998474,0:0:37:599
37700000762,0:0:37:700
37798999786,0:0:37:798
37898998260,0:0:37:898
38000000000,0:0:38:0
38099998474,0:0:38:99
38200000762,0:0:38:200
38298999786,0:0:38:298
38398998260,0:0:38:398
38500000000,0:0:38:500
38599998474,0:0:38:599
38700000762,0:0:38:700
38798999786,0:0:38:798
38898998260,0:0:38:898
39000000000,0:0:39:0
39099998474,0:0:39:99
39200000762,0:0:39:200
39298999786,0:0:39:298
39398998260,0:0:39:398
39500000000,0:0:39:500
39599998474,0:0:39:599
39700000762,0:0:39:700
39798999786,0:0:39:798
39898998260,0:0:39:898
40000000000,0:0:40:0
40099998474,0:0:40:99
40200000762,0:0:40:200
40298999786,0:0:40:298
40398998260,0:0:40:398
40500000000,0:0:40:500
40599998474,0:0:40:599
40700000762,0:0:40:700
40798999786,0:0:40:798
40898998260,0:0:40:898
41000000000,0:0:41:0
41099998474,0:0:41:99
41200000762,0:0:41:200
41298999786,0:0:41:298
41398998260,0:0:41:398
41500000000,0:0:41:500
41599998474,0:0:41:599
41700000762,0:0:41:700
41798999786,0:0:41:798
41898998260,0:0:41:898
42000000000,0:0:42:0
42099998474,0:0:42:99
42200000762,0:0:42:200
42298999786,0:0:42:298
42398998260,0:0:42:398
42500000000,0:0:42:500
42599998474,0:0:42:599
42700000762,0:0:42:700
42798999786,0:0:42:798
42898998260,0:0:42:898
43000000000,0:0:43:0
43099998474,0:0:43:99
43200000762,0:0:43:200
43298999786,0:0:43:298
43398998260,0:0:43:398
43500000000,0:0:43:500
43599998474,0:0:43:599
43700000762,0:0:43:700
43798999786,0:0:43:798
43898998260,0:0:43:898
44000000000,0:0:44:0
44099998474,0:0:44:99
44200000762,0:0:44:200
44298999786,0:0:44:298
44398998260,0:0:44:398
44500000000,0:0:44:500
44599998474,0:0:44:599
44700000762,0:0:44:700
44798999786,0:0:44:798
44898998260,0:0:44:898
45000000000,0:0:45:0
45099998474,0:0:45:99
45200000762,0:0:45:200
45298999786,0:0:45:298
45398998260,0:0:45:398
45500000000,0:0:45:500
45599998474,0:0:45:599
45700000762,0:0:45:700
45798999786,0:0:45:798
45898998260,0:0:45:898
46000000000,0:0:46:0
46098999023,0:0:46:98
46200000762,0:0:46:200
46298999786,0:0:46:298
46400001525,0:0:46:400
46500000000,0:0:46:500
46598999023,0:0:46:598
46700000762,0:0:46:700
46798999786,0:0:46:798
46900001525,0:0:46:900
47000000000,0:0:47:0
47098999023,0:0:47:98
47200000762,0:0:47:200
47298999786,0:0:47:298
47400001525,0:0:47:400
47500000000,0:0:47:500
47598999023,0:0:47:598
47700000762,0:0:47:700
47798999786,0:0:47:798
47900001525,0:0:47:900
48000000000,0:0:48:0
48098999023,0:0:48:98
48200000762,0:0:48:200
48298999786,0:0:48:298
48400001525,0:0:48:400
48500000000,0:0:48:500
48598999023,0:0:48:598
48700000762,0:0:48:700
48798999786,0:0:48:798
48900001525,0:0:48:900
49000000000,0:0:49:0
49098999023,0:0:49:98
49200000762,0:0:49:200
49298999786,0:0:49:298
49400001525,0:0:49:400
49500000000,0:0:49:500
49598999023,0:0:49:598
49700000762,0:0:49:700
49798999786,0:0:49:798
49900001525,0:0:49:900
50000000000,0:0:50:0
50098999023,0:0:50:98
50200000762,0:0:50:200
50298999786,0:0:50:298
50400001525,0:0:50:400
50500000000,0:0:50:500
50598999023,0:0:50:598
50700000762,0:0:50:700
50798999786,0:0:50:798
50900001525,0:0:50:900
51000000000,0:0:51:0
51098999023,0:0:51:98
51200000762,0:0:51:200
51298999786,0:0:51:298
51400001525,0:0:51:400
51500000000,0:0:51:500
51598999023,0:0:51:598
51700000762,0:0:51:700
51798999786,0:0:51:798
51900001525,0:0:51:900
52000000000,0:0:52:0
52098999023,0:0:52:98
52200000762,0:0:52:200
52298999786,0:0:52:298
52400001525,0:0:52:400
52500000000,0:0:52:500
52598999023,0:0:52:598
52700000762,0:0:52:700
52798999786,0:0:52:798
52900001525,0:0:52:900
53000000000,0:0:53:0
53098999023,0:0:53:98
53200000762,0:0:53:200
53298999786,0:0:53:298
53400001525,0:0:53:400
53500000000,0:0:53:500
53598999023,0:0:53:598
53700000762,0:0:53:700
53798999786,0:0:53:798
53900001525,0:0:53:900
54000000000,0:0:54:0
54098999023,0:0:54:98
54200000762,0:0:54:200
54298999786,0:0:54:298
54400001525,0:0:54:400
54500000000,0:0:54:500
54598999023,0:0:54:598
54700000762,0:0:54:700
54798999786,0:0:54:798
54900001525,0:0:54:900
55000000000,0:0:55:0
55098999023,0:0:55:98
55200000762,0:0:55:200
55298999786,0:0:55:298
55400001525,0:0:55:400
55500000000,0:0:55:500
55598999023,0:0:55:598
55700000762,0:0:55:700
55798999786,0:0:55:798
55900001525,0:0:55:900
56000000000,0:0:56:0
56098999023,0:0:56:98
56200000762,0:0:56:200
56298999786,0:0:56:298
56400001525,0:0:56:400
56500000000,0:0:56:500
56598999023,0:0:56:598
56700000762,0:0:56:700
56798999786,0:0:56:798
56900001525,0:0:56:900
57000000000,0:0:57:0
57098999023,0:0:57:98
57200000762,0:0:57:200
57298999786,0:0:57:298
57400001525,0:0:57:400
57500000000,0:0:57:500
57598999023,0:0:57:598
57700000762,0:0:57:700
57798999786,0:0:57:798
57900001525,0:0:57:900
58000000000,0:0:58:0
58098999023,0:0:58:98
58200000762,0:0:58:200
58298999786,0:0:58:298
58400001525,0:0:58:400
58500000000,0:0:58:500
58598999023,0:0:58:598
58700000762,0:0:58:700
58798999786,0:0:58:798
58900001525,0:0:58:900
59000000000,0:0:59:0
59098999023,0:0:59:98
59200000762,0:0:59:200
59298999786,0:0:59:298
59400001525,0:0:59:400
59500000000,0:0:59:500
59598999023,0:0:59:598
59700000762,0:0:59:700
59798999786,0:0:59:798
59900001525,0:0:59:900
60000000000,0:1:0:0
60098999023,0:1:0:98
60199996948,0:1:0:199
60299003601,0:1:0:299
60400001525,0:1:0:400
60500000000,0:1:0:500
60598999023,0:1:0:598
60699996948,0:1:0:699
60799003601,0:1:0:799
60900001525,0:1:0:900
61000000000,0:1:1:0
61098999023,0:1:1:98
61199996948,0:1:1:199
61299003601,0:1:1:299
61400001525,0:1:1:400
61500000000,0:1:1:500
61598999023,0:1:1:598
61699996948,0:1:1:699
61799003601,0:1:1:799
61900001525,0:1:1:900
62000000000,0:1:2:0
62098999023,0:1:2:98
62199996948,0:1:2:199
62299003601,0:1:2:299
62400001525,0:1:2:400
62500000000,0:1:2:500
62598999023,0:1:2:598
62699996948,0:1:2:699
62799003601,0:1:2:799
62900001525,0:1:2:900
63000000000,0:1:3:0
63098999023,0:1:3:98
63199996948,0:1:3:199
63299003601,0:1:3:299
63400001525,0:1:3:400
63500000000,0:1:3:500
63598999023,0:1:3:598
63699996948,0:1:3:699
63799003601,0:1:3:799
63900001525,0:1:3:900
64000000000,0:1:4:0
64098999023,0:1:4:98
64199996948,0:1:4:199
64299003601,0:1:4:299
64400001525,0:1:4:400
64500000000,0:1:4:500
64598999023,0:1:4:598
64699996948,0:1:4:699
64799003601,0:1:4:799
64900001525,0:1:4:900
65000000000,0:1:5:0
65098999023,0:1:5:98
65199996948,0:1:5:199
65299003601,0:1:5:299
65400001525,0:1:5:400
65500000000,0:1:5:500
65598999023,0:1:5:598
65699996948,0:1:5:699
65799003601,0:1:5:799
65900001525,0:1:5:900
66000000000,0:1:6:0
66098999023,0:1:6:98
66199996948,0:1:6:199
66299003601,0:1:6:299
66400001525,0:1:6:400
66500000000,0:1:6:500
66598999023,0:1:6:598
66699996948,0:1:6:699
66799003601,0:1:6:799
66900001525,0:1:6:900
67000000000,0:1:7:0
67098999023,0:1:7:98
67199996948,0:1:7:199
67299003601,0:1:7:299
67400001525,0:1:7:400
67500000000,0:1:7:500
67598999023,0:1:7:598
67699996948,0:1:7:699
67799003601,0:1:7:799
67900001525,0:1:7:900
68000000000,0:1:8:0
68098999023,0:1:8:98
68199996948,0:1:8:199
68299003601,0:1:8:299
68400001525,0:1:8:400
68500000000,0:1:8:500
68598999023,0:1:8:598
68699996948,0:1:8:699
68799003601,0:1:8:799
68900001525,0:1:8:900
69000000000,0:1:9:0
69098999023,0:1:9:98
69199996948,0:1:9:199
69299003601,0:1:9:299
69400001525,0:1:9:400
69500000000,0:1:9:500
69598999023,0:1:9:598
69699996948,0:1:9:699
69799003601,0:1:9:799
69900001525,0:1:9:900
70000000000,0:1:10:0
70098999023,0:1:10:98
70199996948,0:1:10:199
70299003601,0:1:10:299
70400001525,0:1:10:400
70500000000,0:1:10:500
70598999023,0:1:10:598
70699996948,0:1:10:699
70799003601,0:1:10:799
70900001525,0:1:10:900
71000000000,0:1:11:0
71098999023,0:1:11:98
71199996948,0:1:11:199
71299003601,0:1:11:299
71400001525,0:1:11:400
71500000000,0:1:11:500
71598999023,0:1:11:598
71699996948,0:1:11:699
71799003601,0:1:11:799
71900001525,0:1:11:900
72000000000,0:1:12:0
72098999023,0:1:12:98
72199996948,0:1:12:199
72299003601,0:1:12:299
72400001525,0:1:12:400
72500000000,0:1:12:500
72598999023,0:1:12:598
72699996948,0:1:12:699
72799003601,0:1:12:799
72900001525,0:1:12:900
73000000000,0:1:13:0
73098999023,0:1:13:98
73199996948,0:1:13:199
73299003601,0:1:13:299
73400001525,0:1:13:400
73500000000,0:1:13:500
73598999023,0:1:13:598
73699996948,0:1:13:699
73799003601,0:1:13:799
73900001525,0:1:13:900
74000000000,0:1:14:0
74098999023,0:1:14:98
74199996948,0:1:14:199
74299003601,0:1:14:299
74400001525,0:1:14:400
74500000000,0:1:14:500
74598999023,0:1:14:598
74699996948,0:1:14:699
74799003601,0:1:14:799
74900001525,0:1:14:900
75000000000,0:1:15:0
75098999023,0:1:15:98
75199996948,0:1:15:199
75299003601,0:1:15:299
75400001525,0:1:15:400
75500000000,0:1:15:500
75598999023,0:1:15:598
75699996948,0:1:15:699
75799003601,0:1:15:799
75900001525,0:1:15:900
76000000000,0:1:16:0
76098999023,0:1:16:98
76199996948,0:1:16:199
76299003601,0:1:16:299
76400001525,0:1:16:400
76500000000,0:1:16:500
76598999023,0:1:16:598
76699996948,0:1:16:699
76799003601,0:1:16:799
76900001525,0:1:16:900
77000000000,0:1:17:0
77098999023,0:1:17:98
77199996948,0:1:17:199
77299003601,0:1:17:299
77400001525,0:1:17:400
77500000000,0:1:17:500
77598999023,0:1:17:598
77699996948,0:1:17:699
77799003601,0:1:17:799
77900001525,0:1:17:900
78000000000,0:1:18:0
78098999023,0:1:18:98
78199996948,0:1:18:199
78299003601,0:1:18:299
78400001525,0:1:18:400
78500000000,0:1:18:500
78598999023,0:1:18:598
78699996948,0:1:18:699
78799003601,0:1:18:799
78900001525,0:1:18:900
79000000000,0:1:19:0
79098999023,0:1:19:98
79199996948,0:1:19:199
79299003601,0:1:19:299
79400001525,0:1:19:400
79500000000,0:1:19:500
79598999023,0:1:19:598
79699996948,0:1:19:699
79799003601,0:1:19:799
79900001525,0:1:19:900
80000000000,0:1:20:0
80098999023,0:1:20:98
80199996948,0:1:20:199
80299003601,0:1:20:299
80400001525,0:1:20:400
80500000000,0:1:20:500
80598999023,0:1:20:598
80699996948,0:1:20:699
80799003601,0:1:20:799
80900001525,0:1:20:900
81000000000,0:1:21:0
81098999023,0:1:21:98
81199996948,0:1:21:199
81299003601,0:1:21:299
81400001525,0:1:21:400
81500000000,0:1:21:500
81598999023,0:1:21:598
81699996948,0:1:21:699
81799003601,0:1:21:799
81900001525,0:1:21:900
82000000000,0:1:22:0
82098999023,0:1:22:98
82199996948,0:1:22:199
82299003601,0:1:22:299
82400001525,0:1:22:400
82500000000,0:1:22:500
82598999023,0:1:22:598
82699996948,0:1:22:699
82799003601,0:1:22:799
82900001525,0:1:22:900
83000000000,0:1:23:0
83098999023,0:1:23:98
83199996948,0:1:23:199
83299003601,0:1:23:299
83400001525,0:1:23:400
83500000000,0:1:23:500
83598999023,0:1:23:598
83699996948,0:1:23:699
83799003601,0:1:23:799
83900001525,0:1:23:900
84000000000,0:1:24:0
84098999023,0:1:24:98
84199996948,0:1:24:199
84299003601,0:1:24:299
84400001525,0:1:24:400
84500000000,0:1:24:500
84598999023,0:1:24:598
84699996948,0:1:24:699
84799003601,0:1:24:799
84900001525,0:1:24:900
85000000000,0:1:25:0
85098999023,0:1:25:98
85199996948,0:1:25:199
85299003601,0:1:25:299
85400001525,0:1:25:400
85500000000,0:1:25:500
85598999023,0:1:25:598
85699996948,0:1:25:699
85799003601,0:1:25:799
85900001525,0:1:25:900
86000000000,0:1:26:0
86098999023,0:1:26:98
86199996948,0:1:26:199
86299003601,0:1:26:299
86400001525,0:1:26:400
86500000000,0:1:26:500
86598999023,0:1:26:598
86699996948,0:1:26:699
86799003601,0:1:26:799
86900001525,0:1:26:900
87000000000,0:1:27:0
87098999023,0:1:27:98
87199996948,0:1:27:199
87299003601,0:1:27:299
87400001525,0:1:27:400
87500000000,0:1:27:500
87598999023,0:1:27:598
87699996948,0:1:27:699
87799003601,0:1:27:799
87900001525,0:1:27:900
88000000000,0:1:28:0
88098999023,0:1:28:98
88199996948,0:1:28:199
88298995971,0:1:28:298
88399993896,0:1:28:399
88500000000,0:1:28:500
88598999023,0:1:28:598
88699996948,0:1:28:699
88798995971,0:1:28:798
88899993896,0:1:28:899
89000000000,0:1:29:0
89098999023,0:1:29:98
89199996948,0:1:29:199
89298995971,0:1:29:298
89399993896,0:1:29:399
89500000000,0:1:29:500
89598999023,0:1:29:598
89699996948,0:1:29:699
89798995971,0:1:29:798
89899993896,0:1:29:899
90000000000,0:1:30:0
90098999023,0:1:30:98
90199996948,0:1:30:199
90298995971,0:1:30:298
90399993896,0:1:30:399
90500000000,0:1:30:500
90598999023,0:1:30:598
90699996948,0:1:30:699
90798995971,0:1:30:798
90899993896,0:1:30:899
91000000000,0:1:31:0
91098999023,0:1:31:98
91199996948,0:1:31:199
91298995971,0:1:31:298
91399993896,0:1:31:399
91500000000,0:1:31:500
91598999023,0:1:31:598
91699996948,0:1:31:699
91798995971,0:1:31:798
91899993896,0:1:31:899
92000000000,0:1:32:0
92098999023,0:1:32:98
92199996948,0:1:32:199
92298995971,0:1:32:298
92399993896,0:1:32:399
92500000000,0:1:32:500
92598999023,0:1:32:598
92699996948,0:1:32:699
92798995971,0:1:32:798
92899993896,0:1:32:899
93000000000,0:1:33:0
93098999023,0:1:33:98
93199996948,0:1:33:199
93298995971,0:1:33:298
93399993896,0:1:33:399
93500000000,0:1:33:500
93598999023,0:1:33:598
93699996948,0:1:33:699
93798995971,0:1:33:798
93899993896,0:1:33:899
94000000000,0:1:34:0
94098999023,0:1:34:98
94199996948,0:1:34:199
94298995971,0:1:34:298
94399993896,0:1:34:399
94500000000,0:1:34:500
94598999023,0:1:34:598
94699996948,0:1:34:699
94798995971,0:1:34:798
94899993896,0:1:34:899
95000000000,0:1:35:0
95098999023,0:1:35:98
95199996948,0:1:35:199
95298995971,0:1:35:298
95399993896,0:1:35:399
95500000000,0:1:35:500
95598999023,0:1:35:598
95699996948,0:1:35:699
95798995971,0:1:35:798
95899993896,0:1:35:899
96000000000,0:1:36:0
96098999023,0:1:36:98
96199996948,0:1:36:199
96298995971,0:1:36:298
96399993896,0:1:36:399
96500000000,0:1:36:500
96598999023,0:1:36:598
96699996948,0:1:36:699
96798995971,0:1:36:798
96899993896,0:1:36:899
97000000000,0:1:37:0
97098999023,0:1:37:98
97199996948,0:1:37:199
97298995971,0:1:37:298
97399993896,0:1:37:399
97500000000,0:1:37:500
97598999023,0:1:37:598
97699996948,0:1:37:699
97798995971,0:1:37:798
97899993896,0:1:37:899
98000000000,0:1:38:0
98098999023,0:1:38:98
98199996948,0:1:38:199
98298995971,0:1:38:298
98399993896,0:1:38:399
98500000000,0:1:38:500
98598999023,0:1:38:598
98699996948,0:1:38:699
98798995971,0:1:38:798
98899993896,0:1:38:899
99000000000,0:1:39:0
99098999023,0:1:39:98
99199996948,0:1:39:199
99298995971,0:1:39:298
99399993896,0:1:39:399
99500000000,0:1:39:500
99598999023,0:1:39:598
99699996948,0:1:39:699
99798995971,0:1:39:798
99899993896,0:1:39:899
100000000000,0:1:40:0
100098999023,0:1:40:98
100199996948,0:1:40:199
100298995971,0:1:40:298
100399993896,0:1:40:399
100500000000,0:1:40:500
100598999023,0:1:40:598
100699996948,0:1:40:699
100798995971,0:1:40:798
100899993896,0:1:40:899
101000000000,0:1:41:0
101098999023,0:1:41:98
101199996948,0:1:41:199
101298995971,0:1:41:298
101399993896,0:1:41:399
101500000000,0:1:41:500
101598999023,0:1:41:598
101699996948,0:1:41:699
101798995971,0:1:41:798
101899993896,0:1:41:899
102000000000,0:1:42:0
102098999023,0:1:42:98
102199996948,0:1:42:199
102298995971,0:1:42:298
102399993896,0:1:42:399
102500000000,0:1:42:500
102598999023,0:1:42:598
102699996948,0:1:42:699
102798995971,0:1:42:798
102899993896,0:1:42:899
103000000000,0:1:43:0
103098999023,0:1:43:98
103199996948,0:1:43:199
103298995971,0:1:43:298
103399993896,0:1:43:399
103500000000,0:1:43:500
103598999023,0:1:43:598
103699996948,0:1:43:699
103798995971,0:1:43:798
103899993896,0:1:43:899
104000000000,0:1:44:0
104098999023,0:1:44:98
104199996948,0:1:44:199
104298995971,0:1:44:298
104399993896,0:1:44:399
104500000000,0:1:44:500
104598999023,0:1:44:598
104699996948,0:1:44:699
104798995971,0:1:44:798
104899993896,0:1:44:899
105000000000,0:1:45:0
105098999023,0:1:45:98
105199996948,0:1:45:199
105298995971,0:1:45:298
105399993896,0:1:45:399
105500000000,0:1:45:500
105598999023,0:1:45:598
105699996948,0:1:45:699
105798995971,0:1:45:798
105899993896,0:1:45:899
106000000000,0:1:46:0
106098999023,0:1:46:98
106199996948,0:1:46:199
106298995971,0:1:46:298
106399993896,0:1:46:399
106500000000,0:1:46:500
106598999023,0:1:46:598
106699996948,0:1:46:699
106798995971,0:1:46:798
106899993896,0:1:46:899
107000000000,0:1:47:0
107098999023,0:1:47:98
107199996948,0:1:47:199
107298995971,0:1:47:298
107399993896,0:1:47:399
107500000000,0:1:47:500
107598999023,0:1:47:598
107699996948,0:1:47:699
107798995971,0:1:47:798
107899993896,0:1:47:899
108000000000,0:1:48:0
108098999023,0:1:48:98
108199996948,0:1:48:199
108298995971,0:1:48:298
108399993896,0:1:48:399
108500000000,0:1:48:500
108598999023,0:1:48:598
108699996948,0:1:48:699
108798995971,0:1:48:798
108899993896,0:1:48:899
109000000000,0:1:49:0
109098999023,0:1:49:98
109199996948,0:1:49:199
109298995971,0:1:49:298
109399993896,0:1:49:399
109500000000,0:1:49:500
109598999023,0:1:49:598
109699996948,0:1:49:699
109798995971,0:1:49:798
109899993896,0:1:49:899
110000000000,0:1:50:0
110098999023,0:1:50:98
110199005126,0:1:50:199
110300003051,0:1:50:300
110399993896,0:1:50:399
110500000000,0:1:50:500
110598999023,0:1:50:598
110699005126,0:1:50:699
110800003051,0:1:50:800
110899993896,0:1:50:899
111000000000,0:1:51:0
111098999023,0:1:51:98
111199005126,0:1:51:199
111300003051,0:1:51:300
111399993896,0:1:51:399
111500000000,0:1:51:500
111598999023,0:1:51:598
111699005126,0:1:51:699
111800003051,0:1:51:800
111899993896,0:1:51:899
112000000000,0:1:52:0
112098999023,0:1:52:98
112199005126,0:1:52:199
112300003051,0:1:52:300
112399993896,0:1:52:399
112500000000,0:1:52:500
112598999023,0:1:52:598
112699005126,0:1:52:699
112800003051,0:1:52:800
112899993896,0:1:52:899
113000000000,0:1:53:0
113098999023,0:1:53:98
113199005126,0:1:53:199
113300003051,0:1:53:300
113399993896,0:1:53:399
113500000000,0:1:53:500
113598999023,0:1:53:598
113699005126,0:1:53:699
113800003051,0:1:53:800
113899993896,0:1:53:899
114000000000,0:1:54:0
114098999023,0:1:54:98
114199005126,0:1:54:199
114300003051,0:1:54:300
114399993896,0:1:54:399
114500000000,0:1:54:500
114598999023,0:1:54:598
114699005126,0:1:54:699
114800003051,0:1:54:800
114899993896,0:1:54:899
115000000000,0:1:55:0
115098999023,0:1:55:98
115199005126,0:1:55:199
115300003051,0:1:55:300
115399993896,0:1:55:399
115500000000,0:1:55:500
115598999023,0:1:55:598
115699005126,0:1:55:699
115800003051,0:1:55:800
115899993896,0:1:55:899
116000000000,0:1:56:0
116098999023,0:1:56:98
116199005126,0:1:56:199
116300003051,0:1:56:300
116399993896,0:1:56:399
116500000000,0:1:56:500
116598999023,0:1:56:598
116699005126,0:1:56:699
116800003051,0:1:56:800
116899993896,0:1:56:899
117000000000,0:1:57:0
117098999023,0:1:57:98
117199005126,0:1:57:199
117300003051,0:1:57:300
117399993896,0:1:57:399
117500000000,0:1:57:500
117598999023,0:1:57:598
117699005126,0:1:57:699
117800003051,0:1:57:800
117899993896,0:1:57:899
118000000000,0:1:58:0
118098999023,0:1:58:98
118199005126,0:1:58:199
118300003051,0:1:58:300
118399993896,0:1:58:399
118500000000,0:1:58:500
118598999023,0:1:58:598
118699005126,0:1:58:699
118800003051,0:1:58:800
118899993896,0:1:58:899
119000000000,0:1:59:0
119098999023,0:1:59:98
119199005126,0:1:59:199
119300003051,0:1:59:300
119399993896,0:1:59:399
119500000000,0:1:59:500
119598999023,0:1:59:598
119699005126,0:1:59:699
119800003051,0:1:59:800
119899993896,0:1:59:899
120000000000,0:2:0:0
120098999023,0:2:0:98
120199005126,0:2:0:199
120300003051,0:2:0:300
120399993896,0:2:0:399
120500000000,0:2:0:500
120598999023,0:2:0:598
120699005126,0:2:0:699
120800003051,0:2:0:800
120899993896,0:2:0:899
121000000000,0:2:1:0
121098999023,0:2:1:98
121199005126,0:2:1:199
121300003051,0:2:1:300
121399993896,0:2:1:399
121500000000,0:2:1:500
121598999023,0:2:1:598
121699005126,0:2:1:699
121800003051,0:2:1:800
121899993896,0:2:1:899
122000000000,0:2:2:0
122098999023,0:2:2:98
122199005126,0:2:2:199
122300003051,0:2:2:300
122399993896,0:2:2:399
122500000000,0:2:2:500
122598999023,0:2:2:598
122699005126,0:2:2:699
122800003051,0:2:2:800
122899993896,0:2:2:899
123000000000,0:2:3:0
123098999023,0:2:3:98
123199005126,0:2:3:199
123300003051,0:2:3:300
123399993896,0:2:3:399
123500000000,0:2:3:500
123598999023,0:2:3:598
123699005126,0:2:3:699
123800003051,0:2:3:800
123899993896,0:2:3:899
124000000000,0:2:4:0
124098999023,0:2:4:98
124199005126,0:2:4:199
124300003051,0:2:4:300
124399993896,0:2:4:399
124500000000,0:2:4:500
124598999023,0:2:4:598
124699005126,0:2:4:699
124800003051,0:2:4:800
124899993896,0:2:4:899
125000000000,0:2:5:0
125098999023,0:2:5:98
125199005126,0:2:5:199
125300003051,0:2:5:300
125399993896,0:2:5:399
125500000000,0:2:5:500
125598999023,0:2:5:598
125699005126,0:2:5:699
125800003051,0:2:5:800
125899993896,0:2:5:899
126000000000,0:2:6:0
126098999023,0:2:6:98
126199005126,0:2:6:199
126300003051,0:2:6:300
126399993896,0:2:6:399
126500000000,0:2:6:500
126598999023,0:2:6:598
126699005126,0:2:6:699
126800003051,0:2:6:800
126899993896,0:2:6:899
127000000000,0:2:7:0
127098999023,0:2:7:98
127199005126,0:2:7:199
127300003051,0:2:7:300
127399993896,0:2:7:399
127500000000,0:2:7:500
127598999023,0:2:7:598
127699005126,0:2:7:699
127800003051,0:2:7:800
127899993896,0:2:7:899
128000000000,0:2:8:0
128098999023,0:2:8:98
128199005126,0:2:8:199
128300003051,0:2:8:300
128399993896,0:2:8:399
128500000000,0:2:8:500
128598999023,0:2:8:598
128699005126,0:2:8:699
128800003051,0:2:8:800
128899993896,0:2:8:899
129000000000,0:2:9:0
129098999023,0:2:9:98
129199005126,0:2:9:199
129300003051,0:2:9:300
129399993896,0:2:9:399
129500000000,0:2:9:500
129598999023,0:2:9:598
129699005126,0:2:9:699
129800003051,0:2:9:800
129899993896,0:2:9:899
130000000000,0:2:10:0
130098999023,0:2:10:98
130199005126,0:2:10:199
130300003051,0:2:10:300
130399993896,0:2:10:399
130500000000,0:2:10:500
130598999023,0:2:10:598
130699005126,0:2:10:699
130800003051,0:2:10:800
130899993896,0:2:10:899
131000000000,0:2:11:0
131098999023,0:2:11:98
131199005126,0:2:11:199
131300003051,0:2:11:300
131399993896,0:2:11:399
131500000000,0:2:11:500
131598999023,0:2:11:598
131699005126,0:2:11:699
131800003051,0:2:11:800
131899993896,0:2:11:899
132000000000,0:2:12:0
132098999023,0:2:12:98
132199005126,0:2:12:199
132300003051,0:2:12:300
132399993896,0:2:12:399
132500000000,0:2:12:500
132598999023,0:2:12:598
132699005126,0:2:12:699
132800003051,0:2:12:800
132899993896,0:2:12:899
133000000000,0:2:13:0
133098999023,0:2:13:98
133199005126,0:2:13:199
133300003051,0:2:13:300
133399993896,0:2:13:399
133500000000,0:2:13:500
133598999023,0:2:13:598
133699005126,0:2:13:699
133800003051,0:2:13:800
133899993896,0:2:13:899
134000000000,0:2:14:0
134098999023,0:2:14:98
134199005126,0:2:14:199
134300003051,0:2:14:300
134399993896,0:2:14:399
134500000000,0:2:14:500
134598999023,0:2:14:598
134699005126,0:2:14:699
134800003051,0:2:14:800
134899993896,0:2:14:899
135000000000,0:2:15:0
135098999023,0:2:15:98
135199005126,0:2:15:199
135300003051,0:2:15:300
135399993896,0:2:15:399
135500000000,0:2:15:500
135598999023,0:2:15:598
135699005126,0:2:15:699
135800003051,0:2:15:800
135899993896,0:2:15:899
136000000000,0:2:16:0
136098999023,0:2:16:98
136199005126,0:2:16:199
136300003051,0:2:16:300
136399993896,0:2:16:399
136500000000,0:2:16:500
136598999023,0:2:16:598
136699005126,0:2:16:699
136800003051,0:2:16:800
136899993896,0:2:16:899
137000000000,0:2:17:0
137098999023,0:2:17:98
137199005126,0:2:17:199
137300003051,0:2:17:300
137399993896,0:2:17:399
137500000000,0:2:17:500
137598999023,0:2:17:598
137699005126,0:2:17:699
137800003051,0:2:17:800
137899993896,0:2:17:899
138000000000,0:2:18:0
138098999023,0:2:18:98
138199005126,0:2:18:199
138300003051,0:2:18:300
138399993896,0:2:18:399
138500000000,0:2:18:500
138598999023,0:2:18:598
138699005126,0:2:18:699
138800003051,0:2:18:800
138899993896,0:2:18:899
139000000000,0:2:19:0
139098999023,0:2:19:98
139199005126,0:2:19:199
139300003051,0:2:19:300
139399993896,0:2:19:399
139500000000,0:2:19:500
139598999023,0:2:19:598
139699005126,0:2:19:699
139800003051,0:2:19:800
139899993896,0:2:19:899
140000000000,0:2:20:0
140098999023,0:2:20:98
140199005126,0:2:20:199
140300003051,0:2:20:300
140399993896,0:2:20:399
140500000000,0:2:20:500
140598999023,0:2:20:598
140699005126,0:2:20:699
140800003051,0:2:20:800
140899993896,0:2:20:899
141000000000,0:2:21:0
141098999023,0:2:21:98
141199005126,0:2:21:199
141300003051,0:2:21:300
141399993896,0:2:21:399
141500000000,0:2:21:500
141598999023,0:2:21:598
141699005126,0:2:21:699
141800003051,0:2:21:800
141899993896,0:2:21:899
142000000000,0:2:22:0
142098999023,0:2:22:98
142199005126,0:2:22:199
142300003051,0:2:22:300
142399993896,0:2:22:399
142500000000,0:2:22:500
142598999023,0:2:22:598
142699005126,0:2:22:699
142800003051,0:2:22:800
142899993896,0:2:22:899
143000000000,0:2:23:0
143098999023,0:2:23:98
143199005126,0:2:23:199
143300003051,0:2:23:300
143399993896,0:2:23:399
143500000000,0:2:23:500
143598999023,0:2:23:598
143699005126,0:2:23:699
143800003051,0:2:23:800
143899993896,0:2:23:899
144000000000,0:2:24:0
144098999023,0:2:24:98
144199005126,0:2:24:199
144300003051,0:2:24:300
144399993896,0:2:24:399
144500000000,0:2:24:500
144598999023,0:2:24:598
144699005126,0:2:24:699
144800003051,0:2:24:800
144899993896,0:2:24:899
145000000000,0:2:25:0
145098999023,0:2:25:98
145199005126,0:2:25:199
145300003051,0:2:25:300
145399993896,0:2:25:399
145500000000,0:2:25:500
145598999023,0:2:25:598
145699005126,0:2:25:699
145800003051,0:2:25:800
145899993896,0:2:25:899
146000000000,0:2:26:0
146098999023,0:2:26:98
146199005126,0:2:26:199
146300003051,0:2:26:300
146399993896,0:2:26:399
146500000000,0:2:26:500
146598999023,0:2:26:598
146699005126,0:2:26:699
146800003051,0:2:26:800
146899993896,0:2:26:899
147000000000,0:2:27:0
147098999023,0:2:27:98
147199005126,0:2:27:199
147300003051,0:2:27:300
147399993896,0:2:27:399
147500000000,0:2:27:500
147598999023,0:2:27:598
147699005126,0:2:27:699
147800003051,0:2:27:800
147899993896,0:2:27:899
148000000000,0:2:28:0
148098999023,0:2:28:98
148199005126,0:2:28:199
148300003051,0:2:28:300
148399993896,0:2:28:399
148500000000,0:2:28:500
148598999023,0:2:28:598
148699005126,0:2:28:699
148800003051,0:2:28:800
148899993896,0:2:28:899
149000000000,0:2:29:0
149098999023,0:2:29:98
149199005126,0:2:29:199
149300003051,0:2:29:300
149399993896,0:2:29:399
149500000000,0:2:29:500
149598999023,0:2:29:598
149699005126,0:2:29:699
149800003051,0:2:29:800
149899993896,0:2:29:899
150000000000,0:2:30:0
150098999023,0:2:30:98
150199005126,0:2:30:199
150300003051,0:2:30:300
150399993896,0:2:30:399
150500000000,0:2:30:500
150598999023,0:2:30:598
150699005126,0:2:30:699
150800003051,0:2:30:800
150899993896,0:2:30:899
151000000000,0:2:31:0
151098999023,0:2:31:98
151199005126,0:2:31:199
151300003051,0:2:31:300
151399993896,0:2:31:399
151500000000,0:2:31:500
151598999023,0:2:31:598
151699005126,0:2:31:699
151800003051,0:2:31:800
151899993896,0:2:31:899
152000000000,0:2:32:0
152098999023,0:2:32:98
152199005126,0:2:32:199
152300003051,0:2:32:300
152399993896,0:2:32:399
152500000000,0:2:32:500
152598999023,0:2:32:598
152699005126,0:2:32:699
152800003051,0:2:32:800
152899993896,0:2:32:899
153000000000,0:2:33:0
153098999023,0:2:33:98
153199005126,0:2:33:199
153300003051,0:2:33:300
153399993896,0:2:33:399
153500000000,0:2:33:500
153598999023,0:2:33:598
153699005126,0:2:33:699
153800003051,0:2:33:800
153899993896,0:2:33:899
154000000000,0:2:34:0
154098999023,0:2:34:98
154199005126,0:2:34:199
154300003051,0:2:34:300
154399993896,0:2:34:399
154500000000,0:2:34:500
154598999023,0:2:34:598
154699005126,0:2:34:699
154800003051,0:2:34:800
154899993896,0:2:34:899
155000000000,0:2:35:0
155098999023,0:2:35:98
155199005126,0:2:35:199
155300003051,0:2:35:300
155399993896,0:2:35:399
155500000000,0:2:35:500
155598999023,0:2:35:598
155699005126,0:2:35:699
155800003051,0:2:35:800
155899993896,0:2:35:899
156000000000,0:2:36:0
156098999023,0:2:36:98
156199005126,0:2:36:199
156300003051,0:2:36:300
156399993896,0:2:36:399
156500000000,0:2:36:500
156598999023,0:2:36:598
156699005126,0:2:36:699
156800003051,0:2:36:800
156899993896,0:2:36:899
157000000000,0:2:37:0
157098999023,0:2:37:98
157199005126,0:2:37:199
157300003051,0:2:37:300
157399993896,0:2:37:399
157500000000,0:2:37:500
157598999023,0:2:37:598
157699005126,0:2:37:699
157800003051,0:2:37:800
157899993896,0:2:37:899
158000000000,0:2:38:0
158098999023,0:2:38:98
158199005126,0:2:38:199
158300003051,0:2:38:300
158399993896,0:2:38:399
158500000000,0:2:38:500
158598999023,0:2:38:598
158699005126,0:2:38:699
158800003051,0:2:38:800
158899993896,0:2:38:899
159000000000,0:2:39:0
159098999023,0:2:39:98
159199005126,0:2:39:199
159300003051,0:2:39:300
159399993896,0:2:39:399
159500000000,0:2:39:500
159598999023,0:2:39:598
159699005126,0:2:39:699
159800003051,0:2:39:800
159899993896,0:2:39:899
160000000000,0:2:40:0
160098999023,0:2:40:98
160199005126,0:2:40:199
160300003051,0:2:40:300
160399993896,0:2:40:399
160500000000,0:2:40:500
160598999023,0:2:40:598
160699005126,0:2:40:699
160800003051,0:2:40:800
160899993896,0:2:40:899
161000000000,0:2:41:0
161098999023,0:2:41:98
161199005126,0:2:41:199
161300003051,0:2:41:300
161399993896,0:2:41:399
161500000000,0:2:41:500
161598999023,0:2:41:598
161699005126,0:2:41:699
161800003051,0:2:41:800
161899993896,0:2:41:899
162000000000,0:2:42:0
162098999023,0:2:42:98
162199005126,0:2:42:199
162300003051,0:2:42:300
162399993896,0:2:42:399
162500000000,0:2:42:500
162598999023,0:2:42:598
162699005126,0:2:42:699
162800003051,0:2:42:800
162899993896,0:2:42:899
163000000000,0:2:43:0
163098999023,0:2:43:98
163199005126,0:2:43:199
163300003051,0:2:43:300
163399993896,0:2:43:399
163500000000,0:2:43:500
163598999023,0:2:43:598
163699005126,0:2:43:699
163800003051,0:2:43:800
163899993896,0:2:43:899
164000000000,0:2:44:0
164098999023,0:2:44:98
164199005126,0:2:44:199
164300003051,0:2:44:300
164399993896,0:2:44:399
164500000000,0:2:44:500
164598999023,0:2:44:598
164699005126,0:2:44:699
164800003051,0:2:44:800
164899993896,0:2:44:899
165000000000,0:2:45:0
165098999023,0:2:45:98
165199005126,0:2:45:199
165300003051,0:2:45:300
165399993896,0:2:45:399
165500000000,0:2:45:500
165598999023,0:2:45:598
165699005126,0:2:45:699
165800003051,0:2:45:800
165899993896,0:2:45:899
166000000000,0:2:46:0
166098999023,0:2:46:98
166199005126,0:2:46:199
166300003051,0:2:46:300
166399993896,0:2:46:399
166500000000,0:2:46:500
166598999023,0:2:46:598
166699005126,0:2:46:699
166800003051,0:2:46:800
166899993896,0:2:46:899
167000000000,0:2:47:0
167098999023,0:2:47:98
167199005126,0:2:47:199
167300003051,0:2:47:300
167399993896,0:2:47:399
167500000000,0:2:47:500
167598999023,0:2:47:598
167699005126,0:2:47:699
167800003051,0:2:47:800
167899993896,0:2:47:899
168000000000,0:2:48:0
168098999023,0:2:48:98
168199005126,0:2:48:199
168300003051,0:2:48:300
168399993896,0:2:48:399
168500000000,0:2:48:500
168598999023,0:2:48:598
168699005126,0:2:48:699
168800003051,0:2:48:800
168899993896,0:2:48:899
169000000000,0:2:49:0
169098999023,0:2:49:98
169199005126,0:2:49:199
169300003051,0:2:49:300
169399993896,0:2:49:399
169500000000,0:2:49:500
169598999023,0:2:49:598
169699005126,0:2:49:699
169800003051,0:2:49:800
169899993896,0:2:49:899
170000000000,0:2:50:0
170098999023,0:2:50:98
170199005126,0:2:50:199
170300003051,0:2:50:300
170399993896,0:2:50:399
170500000000,0:2:50:500
170598999023,0:2:50:598
170699005126,0:2:50:699
170800003051,0:2:50:800
170899993896,0:2:50:899
171000000000,0:2:51:0
171098999023,0:2:51:98
171199005126,0:2:51:199
171300003051,0:2:51:300
171399993896,0:2:51:399
171500000000,0:2:51:500
171598999023,0:2:51:598
171699005126,0:2:51:699
171800003051,0:2:51:800
171899993896,0:2:51:899
172000000000,0:2:52:0
172098999023,0:2:52:98
172199005126,0:2:52:199
172300003051,0:2:52:300
172399993896,0:2:52:399
172500000000,0:2:52:500
172598999023,0:2:52:598
172699005126,0:2:52:699
172800003051,0:2:52:800
172899993896,0:2:52:899
173000000000,0:2:53:0
173098999023,0:2:53:98
173199005126,0:2:53:199
173300003051,0:2:53:300
173399993896,0:2:53:399
173500000000,0:2:53:500
173598999023,0:2:53:598
173699005126,0:2:53:699
173800003051,0:2:53:800
173899993896,0:2:53:899
174000000000,0:2:54:0
174098999023,0:2:54:98
174199005126,0:2:54:199
174300003051,0:2:54:300
174399993896,0:2:54:399
174500000000,0:2:54:500
174598999023,0:2:54:598
174699005126,0:2:54:699
174800003051,0:2:54:800
174899993896,0:2:54:899
175000000000,0:2:55:0
175098999023,0:2:55:98
175199005126,0:2:55:199
175300003051,0:2:55:300
175399993896,0:2:55:399
175500000000,0:2:55:500
175598999023,0:2:55:598
175699005126,0:2:55:699
175800003051,0:2:55:800
175899993896,0:2:55:899
176000000000,0:2:56:0
176098999023,0:2:56:98
176199005126,0:2:56:199
176299987792,0:2:56:299
176399993896,0:2:56:399
176500000000,0:2:56:500
176598999023,0:2:56:598
176699005126,0:2:56:699
176799987792,0:2:56:799
176899993896,0:2:56:899
177000000000,0:2:57:0
177098999023,0:2:57:98
177199005126,0:2:57:199
177299987792,0:2:57:299
177399993896,0:2:57:399
177500000000,0:2:57:500
177598999023,0:2:57:598
177699005126,0:2:57:699
177799987792,0:2:57:799
177899993896,0:2:57:899
178000000000,0:2:58:0
178098999023,0:2:58:98
178199005126,0:2:58:199
178299987792,0:2:58:299
178399993896,0:2:58:399
178500000000,0:2:58:500
178598999023,0:2:58:598
178699005126,0:2:58:699
178799987792,0:2:58:799
178899993896,0:2:58:899
179000000000,0:2:59:0
179098999023,0:2:59:98
179199005126,0:2:59:199
179299987792,0:2:59:299
179399993896,0:2:59:399
179500000000,0:2:59:500
179598999023,0:2:59:598
179699005126,0:2:59:699
179799987792,0:2:59:799
179899993896,0:2:59:899
180000000000,0:3:0:0
180098999023,0:3:0:98
180199005126,0:3:0:199
180299987792,0:3:0:299
180399993896,0:3:0:399
180500000000,0:3:0:500
180598999023,0:3:0:598
180699005126,0:3:0:699
180799987792,0:3:0:799
180899993896,0:3:0:899
181000000000,0:3:1:0
181098999023,0:3:1:98
181199005126,0:3:1:199
181299987792,0:3:1:299
181399993896,0:3:1:399
181500000000,0:3:1:500
181598999023,0:3:1:598
181699005126,0:3:1:699
181799987792,0:3:1:799
181899993896,0:3:1:899
182000000000,0:3:2:0
182098999023,0:3:2:98
182199005126,0:3:2:199
182299987792,0:3:2:299
182399993896,0:3:2:399
182500000000,0:3:2:500
182598999023,0:3:2:598
182699005126,0:3:2:699
182799987792,0:3:2:799
182899993896,0:3:2:899
183000000000,0:3:3:0
183098999023,0:3:3:98
183199005126,0:3:3:199
183299987792,0:3:3:299
183399993896,0:3:3:399
183500000000,0:3:3:500
183598999023,0:3:3:598
183699005126,0:3:3:699
183799987792,0:3:3:799
183899993896,0:3:3:899
184000000000,0:3:4:0
184098999023,0:3:4:98
184199005126,0:3:4:199
184299987792,0:3:4:299
184399993896,0:3:4:399
184500000000,0:3:4:500
184598999023,0:3:4:598
184699005126,0:3:4:699
184799987792,0:3:4:799
184899993896,0:3:4:899
185000000000,0:3:5:0
185098999023,0:3:5:98
185199005126,0:3:5:199
185299987792,0:3:5:299
185399993896,0:3:5:399
185500000000,0:3:5:500
185598999023,0:3:5:598
185699005126,0:3:5:699
185799987792,0:3:5:799
185899993896,0:3:5:899
186000000000,0:3:6:0
186098999023,0:3:6:98
186199005126,0:3:6:199
186299987792,0:3:6:299
186399993896,0:3:6:399
186500000000,0:3:6:500
186598999023,0:3:6:598
186699005126,0:3:6:699
186799987792,0:3:6:799
186899993896,0:3:6:899
187000000000,0:3:7:0
187098999023,0:3:7:98
187199005126,0:3:7:199
187299987792,0:3:7:299
187399993896,0:3:7:399
187500000000,0:3:7:500
187598999023,0:3:7:598
187699005126,0:3:7:699
187799987792,0:3:7:799
187899993896,0:3:7:899
188000000000,0:3:8:0
188098999023,0:3:8:98
188199005126,0:3:8:199
188299987792,0:3:8:299
188399993896,0:3:8:399
188500000000,0:3:8:500
188598999023,0:3:8:598
188699005126,0:3:8:699
188799987792,0:3:8:799
188899993896,0:3:8:899
189000000000,0:3:9:0
189098999023,0:3:9:98
189199005126,0:3:9:199
189299987792,0:3:9:299
189399993896,0:3:9:399
189500000000,0:3:9:500
189598999023,0:3:9:598
189699005126,0:3:9:699
189799987792,0:3:9:799
189899993896,0:3:9:899
190000000000,0:3:10:0
190098999023,0:3:10:98
190199005126,0:3:10:199
190299987792,0:3:10:299
190399993896,0:3:10:399
190500000000,0:3:10:500
190598999023,0:3:10:598
190699005126,0:3:10:699
190799987792,0:3:10:799
190899993896,0:3:10:899
191000000000,0:3:11:0
191098999023,0:3:11:98
191199005126,0:3:11:199
191299987792,0:3:11:299
191399993896,0:3:11:399
191500000000,0:3:11:500
191598999023,0:3:11:598
191699005126,0:3:11:699
191799987792,0:3:11:799
191899993896,0:3:11:899
192000000000,0:3:12:0
192098999023,0:3:12:98
192199005126,0:3:12:199
192299987792,0:3:12:299
192399993896,0:3:12:399
192500000000,0:3:12:500
192598999023,0:3:12:598
192699005126,0:3:12:699
192799987792,0:3:12:799
192899993896,0:3:12:899
193000000000,0:3:13:0
193098999023,0:3:13:98
193199005126,0:3:13:199
193299987792,0:3:13:299
193399993896,0:3:13:399
193500000000,0:3:13:500
193598999023,0:3:13:598
193699005126,0:3:13:699
193799987792,0:3:13:799
193899993896,0:3:13:899
194000000000,0:3:14:0
194098999023,0:3:14:98
194199005126,0:3:14:199
194299987792,0:3:14:299
194399993896,0:3:14:399
194500000000,0:3:14:500
194598999023,0:3:14:598
194699005126,0:3:14:699
194799987792,0:3:14:799
194899993896,0:3:14:899
195000000000,0:3:15:0
195098999023,0:3:15:98
195199005126,0:3:15:199
195299987792,0:3:15:299
195399993896,0:3:15:399
195500000000,0:3:15:500
195598999023,0:3:15:598
195699005126,0:3:15:699
195799987792,0:3:15:799
195899993896,0:3:15:899
196000000000,0:3:16:0
196098999023,0:3:16:98
196199005126,0:3:16:199
196299987792,0:3:16:299
196399993896,0:3:16:399
196500000000,0:3:16:500
196598999023,0:3:16:598
196699005126,0:3:16:699
196799987792,0:3:16:799
196899993896,0:3:16:899
197000000000,0:3:17:0
197098999023,0:3:17:98
197199005126,0:3:17:199
197299987792,0:3:17:299
197399993896,0:3:17:399
197500000000,0:3:17:500
197598999023,0:3:17:598
197699005126,0:3:17:699
197799987792,0:3:17:799
197899993896,0:3:17:899
198000000000,0:3:18:0
198098999023,0:3:18:98
198199005126,0:3:18:199
198299987792,0:3:18:299
198399993896,0:3:18:399
198500000000,0:3:18:500
198598999023,0:3:18:598
198699005126,0:3:18:699
198799987792,0:3:18:799
198899993896,0:3:18:899
199000000000,0:3:19:0
199098999023,0:3:19:98
199199005126,0:3:19:199
199299987792,0:3:19:299
199399993896,0:3:19:399
199500000000,0:3:19:500
199598999023,0:3:19:598
199699005126,0:3:19:699
199799987792,0:3:19:799
199899993896,0:3:19:899
200000000000,0:3:20:0
200098999023,0:3:20:98
200199005126,0:3:20:199
200299987792,0:3:20:299
200399993896,0:3:20:399
200500000000,0:3:20:500
200598999023,0:3:20:598
200699005126,0:3:20:699
200799987792,0:3:20:799
200899993896,0:3:20:899
201000000000,0:3:21:0
201098999023,0:3:21:98
201199005126,0:3:21:199
201299987792,0:3:21:299
201399993896,0:3:21:399
201500000000,0:3:21:500
201598999023,0:3:21:598
201699005126,0:3:21:699
201799987792,0:3:21:799
201899993896,0:3:21:899
202000000000,0:3:22:0
202098999023,0:3:22:98
202199005126,0:3:22:199
202299987792,0:3:22:299
202399993896,0:3:22:399
202500000000,0:3:22:500
202598999023,0:3:22:598
202699005126,0:3:22:699
202799987792,0:3:22:799
202899993896,0:3:22:899
203000000000,0:3:23:0
203098999023,0:3:23:98
203199005126,0:3:23:199
203299987792,0:3:23:299
203399993896,0:3:23:399
203500000000,0:3:23:500
203598999023,0:3:23:598
203699005126,0:3:23:699
203799987792,0:3:23:799
203899993896,0:3:23:899
204000000000,0:3:24:0
204098999023,0:3:24:98
204199005126,0:3:24:199
204299987792,0:3:24:299
204399993896,0:3:24:399
204500000000,0:3:24:500
204598999023,0:3:24:598
204699005126,0:3:24:699
204799987792,0:3:24:799
204899993896,0:3:24:899
205000000000,0:3:25:0
205098999023,0:3:25:98
205199005126,0:3:25:199
205299987792,0:3:25:299
205399993896,0:3:25:399
205500000000,0:3:25:500
205598999023,0:3:25:598
205699005126,0:3:25:699
205799987792,0:3:25:799
205899993896,0:3:25:899
206000000000,0:3:26:0
206098999023,0:3:26:98
206199005126,0:3:26:199
206299987792,0:3:26:299
206399993896,0:3:26:399
206500000000,0:3:26:500
206598999023,0:3:26:598
206699005126,0:3:26:699
206799987792,0:3:26:799
206899993896,0:3:26:899
207000000000,0:3:27:0
207098999023,0:3:27:98
207199005126,0:3:27:199
207299987792,0:3:27:299
207399993896,0:3:27:399
207500000000,0:3:27:500
207598999023,0:3:27:598
207699005126,0:3:27:699
207799987792,0:3:27:799
207899993896,0:3:27:899
208000000000,0:3:28:0
208098999023,0:3:28:98
208199005126,0:3:28:199
208299987792,0:3:28:299
208399993896,0:3:28:399
208500000000,0:3:28:500
208598999023,0:3:28:598
208699005126,0:3:28:699
208799987792,0:3:28:799
208899993896,0:3:28:899
209000000000,0:3:29:0
209098999023,0:3:29:98
209199005126,0:3:29:199
209299987792,0:3:29:299
209399993896,0:3:29:399
209500000000,0:3:29:500
209598999023,0:3:29:598
209699005126,0:3:29:699
209799987792,0:3:29:799
209899993896,0:3:29:899
210000000000,0:3:30:0
210098999023,0:3:30:98
210199005126,0:3:30:199
210299987792,0:3:30:299
210399993896,0:3:30:399
210500000000,0:3:30:500
210598999023,0:3:30:598
210699005126,0:3:30:699
210799987792,0:3:30:799
210899993896,0:3:30:899
211000000000,0:3:31:0
211098999023,0:3:31:98
211199005126,0:3:31:199
211299987792,0:3:31:299
211399993896,0:3:31:399
211500000000,0:3:31:500
211598999023,0:3:31:598
211699005126,0:3:31:699
211799987792,0:3:31:799
211899993896,0:3:31:899
212000000000,0:3:32:0
212098999023,0:3:32:98
212199005126,0:3:32:199
212299987792,0:3:32:299
212399993896,0:3:32:399
212500000000,0:3:32:500
212598999023,0:3:32:598
212699005126,0:3:32:699
212799987792,0:3:32:799
212899993896,0:3:32:899
213000000000,0:3:33:0
213098999023,0:3:33:98
213199005126,0:3:33:199
213299987792,0:3:33:299
213399993896,0:3:33:399
213500000000,0:3:33:500
213598999023,0:3:33:598
213699005126,0:3:33:699
213799987792,0:3:33:799
213899993896,0:3:33:899
214000000000,0:3:34:0
214098999023,0:3:34:98
214199005126,0:3:34:199
214299987792,0:3:34:299
214399993896,0:3:34:399
214500000000,0:3:34:500
214598999023,0:3:34:598
214699005126,0:3:34:699
214799987792,0:3:34:799
214899993896,0:3:34:899
215000000000,0:3:35:0
215098999023,0:3:35:98
215199005126,0:3:35:199
215299987792,0:3:35:299
215399993896,0:3:35:399
215500000000,0:3:35:500
215598999023,0:3:35:598
215699005126,0:3:35:699
215799987792,0:3:35:799
215899993896,0:3:35:899
216000000000,0:3:36:0
216098999023,0:3:36:98
216199005126,0:3:36:199
216299987792,0:3:36:299
216399993896,0:3:36:399
216500000000,0:3:36:500
216598999023,0:3:36:598
216699005126,0:3:36:699
216799987792,0:3:36:799
216899993896,0:3:36:899
217000000000,0:3:37:0
217098999023,0:3:37:98
217199005126,0:3:37:199
217299987792,0:3:37:299
217399993896,0:3:37:399
217500000000,0:3:37:500
217598999023,0:3:37:598
217699005126,0:3:37:699
217799987792,0:3:37:799
217899993896,0:3:37:899
218000000000,0:3:38:0
218098999023,0:3:38:98
218199005126,0:3:38:199
218299987792,0:3:38:299
218399993896,0:3:38:399
218500000000,0:3:38:500
218598999023,0:3:38:598
218699005126,0:3:38:699
218799987792,0:3:38:799
218899993896,0:3:38:899
219000000000,0:3:39:0
219098999023,0:3:39:98
219199005126,0:3:39:199
219299987792,0:3:39:299
219399993896,0:3:39:399
219500000000,0:3:39:500
219598999023,0:3:39:598
219699005126,0:3:39:699
219799987792,0:3:39:799
219899993896,0:3:39:899
220000000000,0:3:40:0
220098999023,0:3:40:98
220199005126,0:3:40:199
220299987792,0:3:40:299
220399993896,0:3:40:399
220500000000,0:3:40:500
220598999023,0:3:40:598
220699005126,0:3:40:699
220799987792,0:3:40:799
220899993896,0:3:40:899
221000000000,0:3:41:0
221098999023,0:3:41:98
221199005126,0:3:41:199
221299987792,0:3:41:299
221399993896,0:3:41:399
221500000000,0:3:41:500
221598999023,0:3:41:598
221699005126,0:3:41:699
221799987792,0:3:41:799
221899993896,0:3:41:899
222000000000,0:3:42:0
222098999023,0:3:42:98
222199005126,0:3:42:199
222299987792,0:3:42:299
222399993896,0:3:42:399
222500000000,0:3:42:500
222598999023,0:3:42:598
222699005126,0:3:42:699
222799987792,0:3:42:799
222899993896,0:3:42:899
223000000000,0:3:43:0
223098999023,0:3:43:98
223199005126,0:3:43:199
223299987792,0:3:43:299
223399993896,0:3:43:399
223500000000,0:3:43:500
223598999023,0:3:43:598
223699005126,0:3:43:699
223799987792,0:3:43:799
223899993896,0:3:43:899
224000000000,0:3:44:0
224098999023,0:3:44:98
224199005126,0:3:44:199
224299987792,0:3:44:299
224399993896,0:3:44:399
224500000000,0:3:44:500
224598999023,0:3:44:598
224699005126,0:3:44:699
224799987792,0:3:44:799
224899993896,0:3:44:899
225000000000,0:3:45:0
225098999023,0:3:45:98
225199005126,0:3:45:199
225299987792,0:3:45:299
225399993896,0:3:45:399
225500000000,0:3:45:500
225598999023,0:3:45:598
225699005126,0:3:45:699
225799987792,0:3:45:799
225899993896,0:3:45:899
226000000000,0:3:46:0
226098999023,0:3:46:98
226199005126,0:3:46:199
226299987792,0:3:46:299
226399993896,0:3:46:399
226500000000,0:3:46:500
226598999023,0:3:46:598
226699005126,0:3:46:699
226799987792,0:3:46:799
226899993896,0:3:46:899
227000000000,0:3:47:0
227098999023,0:3:47:98
227199005126,0:3:47:199
227299987792,0:3:47:299
227399993896,0:3:47:399
227500000000,0:3:47:500
227598999023,0:3:47:598
227699005126,0:3:47:699
227799987792,0:3:47:799
227899993896,0:3:47:899
228000000000,0:3:48:0
228098999023,0:3:48:98
228199005126,0:3:48:199
228299987792,0:3:48:299
228399993896,0:3:48:399
228500000000,0:3:48:500
228598999023,0:3:48:598
228699005126,0:3:48:699
228799987792,0:3:48:799
228899993896,0:3:48:899
229000000000,0:3:49:0
229098999023,0:3:49:98
229199005126,0:3:49:199
229299987792,0:3:49:299
229399993896,0:3:49:399
229500000000,0:3:49:500
229598999023,0:3:49:598
229699005126,0:3:49:699
229799987792,0:3:49:799
229899993896,0:3:49:899
230000000000,0:3:50:0
230098999023,0:3:50:98
230199005126,0:3:50:199
230299987792,0:3:50:299
230399993896,0:3:50:399
230500000000,0:3:50:500
230598999023,0:3:50:598
230699005126,0:3:50:699
230799987792,0:3:50:799
230899993896,0:3:50:899
231000000000,0:3:51:0
231098999023,0:3:51:98
231199005126,0:3:51:199
231299987792,0:3:51:299
231399993896,0:3:51:399
231500000000,0:3:51:500
231598999023,0:3:51:598
231699005126,0:3:51:699
231799987792,0:3:51:799
231899993896,0:3:51:899
232000000000,0:3:52:0
232098999023,0:3:52:98
232199005126,0:3:52:199
232299987792,0:3:52:299
232399993896,0:3:52:399
232500000000,0:3:52:500
232598999023,0:3:52:598
232699005126,0:3:52:699
232799987792,0:3:52:799
232899993896,0:3:52:899
233000000000,0:3:53:0
233098999023,0:3:53:98
233199005126,0:3:53:199
233299987792,0:3:53:299
233399993896,0:3:53:399
233500000000,0:3:53:500
233598999023,0:3:53:598
233699005126,0:3:53:699
233799987792,0:3:53:799
233899993896,0:3:53:899
234000000000,0:3:54:0
234098999023,0:3:54:98
234199005126,0:3:54:199
234299987792,0:3:54:299
234399993896,0:3:54:399
234500000000,0:3:54:500
234598999023,0:3:54:598
234699005126,0:3:54:699
234799987792,0:3:54:799
234899993896,0:3:54:899
235000000000,0:3:55:0
235098999023,0:3:55:98
235199005126,0:3:55:199
235299987792,0:3:55:299
235399993896,0:3:55:399
235500000000,0:3:55:500
235598999023,0:3:55:598
235699005126,0:3:55:699
235799987792,0:3:55:799
235899993896,0:3:55:899
236000000000,0:3:56:0
236098999023,0:3:56:98
236199005126,0:3:56:199
236299987792,0:3:56:299
236399993896,0:3:56:399
236500000000,0:3:56:500
236598999023,0:3:56:598
236699005126,0:3:56:699
236799987792,0:3:56:799
236899993896,0:3:56:899
237000000000,0:3:57:0
237098999023,0:3:57:98
237199005126,0:3:57:199
237299987792,0:3:57:299
237399993896,0:3:57:399
237500000000,0:3:57:500
237598999023,0:3:57:598
237699005126,0:3:57:699
237799987792,0:3:57:799
237899993896,0:3:57:899
238000000000,0:3:58:0
238100006103,0:3:58:100
238199005126,0:3:58:199
238299987792,0:3:58:299
238398986816,0:3:58:398
238500000000,0:3:58:500
238600006103,0:3:58:600
238699005126,0:3:58:699
238799987792,0:3:58:799
238898986816,0:3:58:898
239000000000,0:3:59:0
239100006103,0:3:59:100
239199005126,0:3:59:199
239299987792,0:3:59:299
239398986816,0:3:59:398
239500000000,0:3:59:500
239600006103,0:3:59:600
239699005126,0:3:59:699
239799987792,0:3:59:799
239898986816,0:3:59:898
240000000000,0:4:0:0
240100006103,0:4:0:100
240199005126,0:4:0:199
240299987792,0:4:0:299
240398986816,0:4:0:398
240500000000,0:4:0:500
240600006103,0:4:0:600
240699005126,0:4:0:699
240799987792,0:4:0:799
240898986816,0:4:0:898
241000000000,0:4:1:0
241100006103,0:4:1:100
241199005126,0:4:1:199
241299987792,0:4:1:299
241398986816,0:4:1:398
241500000000,0:4:1:500
241600006103,0:4:1:600
241699005126,0:4:1:699
241799987792,0:4:1:799
241898986816,0:4:1:898
242000000000,0:4:2:0
242100006103,0:4:2:100
242199005126,0:4:2:199
242299987792,0:4:2:299
242398986816,0:4:2:398
242500000000,0:4:2:500
242600006103,0:4:2:600
242699005126,0:4:2:699
242799987792,0:4:2:799
242898986816,0:4:2:898
243000000000,0:4:3:0
243100006103,0:4:3:100
243199005126,0:4:3:199
243299987792,0:4:3:299
243398986816,0:4:3:398
243500000000,0:4:3:500
243600006103,0:4:3:600
243699005126,0:4:3:699
243799987792,0:4:3:799
243898986816,0:4:3:898
244000000000,0:4:4:0
244100006103,0:4:4:100
244199005126,0:4:4:199
244299987792,0:4:4:299
244398986816,0:4:4:398
244500000000,0:4:4:500
244600006103,0:4:4:600
244699005126,0:4:4:699
244799987792,0:4:4:799
244898986816,0:4:4:898
245000000000,0:4:5:0
245100006103,0:4:5:100
245199005126,0:4:5:199
245299987792,0:4:5:299
245398986816,0:4:5:398
245500000000,0:4:5:500
245600006103,0:4:5:600
245699005126,0:4:5:699
245799987792,0:4:5:799
245898986816,0:4:5:898
246000000000,0:4:6:0
246100006103,0:4:6:100
246199005126,0:4:6:199
246299987792,0:4:6:299
246398986816,0:4:6:398
246500000000,0:4:6:500
246600006103,0:4:6:600
246699005126,0:4:6:699
246799987792,0:4:6:799
246898986816,0:4:6:898
247000000000,0:4:7:0
247100006103,0:4:7:100
247199005126,0:4:7:199
247299987792,0:4:7:299
247398986816,0:4:7:398
247500000000,0:4:7:500
247600006103,0:4:7:600
247699005126,0:4:7:699
247799987792,0:4:7:799
247898986816,0:4:7:898
248000000000,0:4:8:0
248100006103,0:4:8:100
248199005126,0:4:8:199
248299987792,0:4:8:299
248398986816,0:4:8:398
248500000000,0:4:8:500
248600006103,0:4:8:600
248699005126,0:4:8:699
248799987792,0:4:8:799
248898986816,0:4:8:898
249000000000,0:4:9:0
249100006103,0:4:9:100
249199005126,0:4:9:199
249299987792,0:4:9:299
249398986816,0:4:9:398
249500000000,0:4:9:500
249600006103,0:4:9:600
249699005126,0:4:9:699
249799987792,0:4:9:799
249898986816,0:4:9:898
250000000000,0:4:10:0
250100006103,0:4:10:100
250199005126,0:4:10:199
250299987792,0:4:10:299
250398986816,0:4:10:398
250500000000,0:4:10:500
250600006103,0:4:10:600
250699005126,0:4:10:699
250799987792,0:4:10:799
250898986816,0:4:10:898
251000000000,0:4:11:0
251100006103,0:4:11:100
251199005126,0:4:11:199
251299987792,0:4:11:299
251398986816,0:4:11:398
251500000000,0:4:11:500
251600006103,0:4:11:600
251699005126,0:4:11:699
251799987792,0:4:11:799
251898986816,0:4:11:898
252000000000,0:4:12:0
252100006103,0:4:12:100
252199005126,0:4:12:199
252299987792,0:4:12:299
252398986816,0:4:12:398
252500000000,0:4:12:500
252600006103,0:4:12:600
252699005126,0:4:12:699
252799987792,0:4:12:799
252898986816,0:4:12:898
253000000000,0:4:13:0
253100006103,0:4:13:100
253199005126,0:4:13:199
253299987792,0:4:13:299
253398986816,0:4:13:398
253500000000,0:4:13:500
253600006103,0:4:13:600
253699005126,0:4:13:699
253799987792,0:4:13:799
253898986816,0:4:13:898
254000000000,0:4:14:0
254100006103,0:4:14:100
254199005126,0:4:14:199
254299987792,0:4:14:299
254398986816,0:4:14:398
254500000000,0:4:14:500
254600006103,0:4:14:600
254699005126,0:4:14:699
254799987792,0:4:14:799
254898986816,0:4:14:898
255000000000,0:4:15:0
255100006103,0:4:15:100
255199005126,0:4:15:199
255299987792,0:4:15:299
255398986816,0:4:15:398
255500000000,0:4:15:500
255600006103,0:4:15:600
255699005126,0:4:15:699
255799987792,0:4:15:799
255898986816,0:4:15:898
256000000000,0:4:16:0
256100006103,0:4:16:100
256199005126,0:4:16:199
256299987792,0:4:16:299
256398986816,0:4:16:398
256500000000,0:4:16:500
256600006103,0:4:16:600
256699005126,0:4:16:699
256799987792,0:4:16:799
256898986816,0:4:16:898
257000000000,0:4:17:0
257100006103,0:4:17:100
257199005126,0:4:17:199
257299987792,0:4:17:299
257398986816,0:4:17:398
257500000000,0:4:17:500
257600006103,0:4:17:600
257699005126,0:4:17:699
257799987792,0:4:17:799
257898986816,0:4:17:898
258000000000,0:4:18:0
258100006103,0:4:18:100
258199005126,0:4:18:199
258299987792,0:4:18:299
258398986816,0:4:18:398
258500000000,0:4:18:500
258600006103,0:4:18:600
258699005126,0:4:18:699
258799987792,0:4:18:799
258898986816,0:4:18:898
259000000000,0:4:19:0
259100006103,0:4:19:100
259199005126,0:4:19:199
259299987792,0:4:19:299
259398986816,0:4:19:398
259500000000,0:4:19:500
259600006103,0:4:19:600
259699005126,0:4:19:699
259799987792,0:4:19:799
259898986816,0:4:19:898
260000000000,0:4:20:0
260100006103,0:4:20:100
260199005126,0:4:20:199
260299987792,0:4:20:299
260398986816,0:4:20:398
260500000000,0:4:20:500
260600006103,0:4:20:600
260699005126,0:4:20:699
260799987792,0:4:20:799
260898986816,0:4:20:898
261000000000,0:4:21:0
261100006103,0:4:21:100
261199005126,0:4:21:199
261299987792,0:4:21:299
261398986816,0:4:21:398
261500000000,0:4:21:500
261600006103,0:4:21:600
261699005126,0:4:21:699
261799987792,0:4:21:799
261898986816,0:4:21:898
262000000000,0:4:22:0
262100006103,0:4:22:100
262199005126,0:4:22:199
262299987792,0:4:22:299
262398986816,0:4:22:398
262500000000,0:4:22:500
262600006103,0:4:22:600
262699005126,0:4:22:699
262799987792,0:4:22:799
262898986816,0:4:22:898
263000000000,0:4:23:0
263100006103,0:4:23:100
263199005126,0:4:23:199
263299987792,0:4:23:299
263398986816,0:4:23:398
263500000000,0:4:23:500
263600006103,0:4:23:600
263699005126,0:4:23:699
263799987792,0:4:23:799
263898986816,0:4:23:898
264000000000,0:4:24:0
264100006103,0:4:24:100
264199005126,0:4:24:199
264299987792,0:4:24:299
264398986816,0:4:24:398
264500000000,0:4:24:500
264600006103,0:4:24:600
264699005126,0:4:24:699
264799987792,0:4:24:799
264898986816,0:4:24:898
265000000000,0:4:25:0
265100006103,0:4:25:100
265199005126,0:4:25:199
265299987792,0:4:25:299
265398986816,0:4:25:398
265500000000,0:4:25:500
265600006103,0:4:25:600
265699005126,0:4:25:699
265799987792,0:4:25:799
265898986816,0:4:25:898
266000000000,0:4:26:0
266100006103,0:4:26:100
266199005126,0:4:26:199
266299987792,0:4:26:299
266398986816,0:4:26:398
266500000000,0:4:26:500
266600006103,0:4:26:600
266699005126,0:4:26:699
266799987792,0:4:26:799
266898986816,0:4:26:898
267000000000,0:4:27:0
267100006103,0:4:27:100
267199005126,0:4:27:199
267299987792,0:4:27:299
267398986816,0:4:27:398
267500000000,0:4:27:500
267600006103,0:4:27:600
267699005126,0:4:27:699
267799987792,0:4:27:799
267898986816,0:4:27:898
268000000000,0:4:28:0
268100006103,0:4:28:100
268199005126,0:4:28:199
268299987792,0:4:28:299
268398986816,0:4:28:398
268500000000,0:4:28:500
268600006103,0:4:28:600
268699005126,0:4:28:699
268799987792,0:4:28:799
268898986816,0:4:28:898
269000000000,0:4:29:0
269100006103,0:4:29:100
269199005126,0:4:29:199
269299987792,0:4:29:299
269398986816,0:4:29:398
269500000000,0:4:29:500
269600006103,0:4:29:600
269699005126,0:4:29:699
269799987792,0:4:29:799
269898986816,0:4:29:898
270000000000,0:4:30:0
270100006103,0:4:30:100
270199005126,0:4:30:199
270299987792,0:4:30:299
270398986816,0:4:30:398
270500000000,0:4:30:500
270600006103,0:4:30:600
270699005126,0:4:30:699
270799987792,0:4:30:799
270898986816,0:4:30:898
271000000000,0:4:31:0
271100006103,0:4:31:100
271199005126,0:4:31:199
271299987792,0:4:31:299
271398986816,0:4:31:398
271500000000,0:4:31:500
271600006103,0:4:31:600
271699005126,0:4:31:699
271799987792,0:4:31:799
271898986816,0:4:31:898
272000000000,0:4:32:0
272100006103,0:4:32:100
272199005126,0:4:32:199
272299987792,0:4:32:299
272398986816,0:4:32:398
272500000000,0:4:32:500
272600006103,0:4:32:600
272699005126,0:4:32:699
272799987792,0:4:32:799
272898986816,0:4:32:898
273000000000,0:4:33:0
273100006103,0:4:33:100
273199005126,0:4:33:199
273299987792,0:4:33:299
273398986816,0:4:33:398
273500000000,0:4:33:500
273600006103,0:4:33:600
273699005126,0:4:33:699
273799987792,0:4:33:799
273898986816,0:4:33:898
274000000000,0:4:34:0
274100006103,0:4:34:100
274199005126,0:4:34:199
274299987792,0:4:34:299
274398986816,0:4:34:398
274500000000,0:4:34:500
274600006103,0:4:34:600
274699005126,0:4:34:699
274799987792,0:4:34:799
274898986816,0:4:34:898
275000000000,0:4:35:0
275100006103,0:4:35:100
275199005126,0:4:35:199
275299987792,0:4:35:299
275398986816,0:4:35:398
275500000000,0:4:35:500
275600006103,0:4:35:600
275699005126,0:4:35:699
275799987792,0:4:35:799
275898986816,0:4:35:898
276000000000,0:4:36:0
276100006103,0:4:36:100
276199005126,0:4:36:199
276299987792,0:4:36:299
276398986816,0:4:36:398
276500000000,0:4:36:500
276600006103,0:4:36:600
276699005126,0:4:36:699
276799987792,0:4:36:799
276898986816,0:4:36:898
277000000000,0:4:37:0
277100006103,0:4:37:100
277199005126,0:4:37:199
277299987792,0:4:37:299
277398986816,0:4:37:398
277500000000,0:4:37:500
277600006103,0:4:37:600
277699005126,0:4:37:699
277799987792,0:4:37:799
277898986816,0:4:37:898
278000000000,0:4:38:0
278100006103,0:4:38:100
278199005126,0:4:38:199
278299987792,0:4:38:299
278398986816,0:4:38:398
278500000000,0:4:38:500
278600006103,0:4:38:600
278699005126,0:4:38:699
278799987792,0:4:38:799
278898986816,0:4:38:898
279000000000,0:4:39:0
279100006103,0:4:39:100
279199005126,0:4:39:199
279299987792,0:4:39:299
279398986816,0:4:39:398
279500000000,0:4:39:500
279600006103,0:4:39:600
279699005126,0:4:39:699
279799987792,0:4:39:799
279898986816,0:4:39:898
280000000000,0:4:40:0
280100006103,0:4:40:100
280199005126,0:4:40:199
280299987792,0:4:40:299
280398986816,0:4:40:398
280500000000,0:4:40:500
280600006103,0:4:40:600
280699005126,0:4:40:699
280799987792,0:4:40:799
280898986816,0:4:40:898
281000000000,0:4:41:0
281100006103,0:4:41:100
281199005126,0:4:41:199
281299987792,0:4:41:299
281398986816,0:4:41:398
281500000000,0:4:41:500
281600006103,0:4:41:600
281699005126,0:4:41:699
281799987792,0:4:41:799
281898986816,0:4:41:898
282000000000,0:4:42:0
282100006103,0:4:42:100
282199005126,0:4:42:199
282299987792,0:4:42:299
282398986816,0:4:42:398
282500000000,0:4:42:500
282600006103,0:4:42:600
282699005126,0:4:42:699
282799987792,0:4:42:799
282898986816,0:4:42:898
283000000000,0:4:43:0
283100006103,0:4:43:100
283199005126,0:4:43:199
283299987792,0:4:43:299
283398986816,0:4:43:398
283500000000,0:4:43:500
283600006103,0:4:43:600
283699005126,0:4:43:699
283799987792,0:4:43:799
283898986816,0:4:43:898
284000000000,0:4:44:0
284100006103,0:4:44:100
284199005126,0:4:44:199
284299987792,0:4:44:299
284398986816,0:4:44:398
284500000000,0:4:44:500
284600006103,0:4:44:600
284699005126,0:4:44:699
284799987792,0:4:44:799
284898986816,0:4:44:898
285000000000,0:4:45:0
285100006103,0:4:45:100
285199005126,0:4:45:199
285299987792,0:4:45:299
285398986816,0:4:45:398
285500000000,0:4:45:500
285600006103,0:4:45:600
285699005126,0:4:45:699
285799987792,0:4:45:799
285898986816,0:4:45:898
286000000000,0:4:46:0
286100006103,0:4:46:100
286199005126,0:4:46:199
286299987792,0:4:46:299
286398986816,0:4:46:398
286500000000,0:4:46:500
286600006103,0:4:46:600
286699005126,0:4:46:699
286799987792,0:4:46:799
286898986816,0:4:46:898
287000000000,0:4:47:0
287100006103,0:4:47:100
287199005126,0:4:47:199
287299987792,0:4:47:299
287398986816,0:4:47:398
287500000000,0:4:47:500
287600006103,0:4:47:600
287699005126,0:4:47:699
287799987792,0:4:47:799
287898986816,0:4:47:898
288000000000,0:4:48:0
288100006103,0:4:48:100
288199005126,0:4:48:199
288299987792,0:4:48:299
288398986816,0:4:48:398
288500000000,0:4:48:500
288600006103,0:4:48:600
288699005126,0:4:48:699
288799987792,0:4:48:799
288898986816,0:4:48:898
289000000000,0:4:49:0
289100006103,0:4:49:100
289199005126,0:4:49:199
289299987792,0:4:49:299
289398986816,0:4:49:398
289500000000,0:4:49:500
289600006103,0:4:49:600
289699005126,0:4:49:699
289799987792,0:4:49:799
289898986816,0:4:49:898
290000000000,0:4:50:0
290100006103,0:4:50:100
290199005126,0:4:50:199
290299987792,0:4:50:299
290398986816,0:4:50:398
290500000000,0:4:50:500
290600006103,0:4:50:600
290699005126,0:4:50:699
290799987792,0:4:50:799
290898986816,0:4:50:898
291000000000,0:4:51:0
291100006103,0:4:51:100
291199005126,0:4:51:199
291299987792,0:4:51:299
291398986816,0:4:51:398
291500000000,0:4:51:500
291600006103,0:4:51:600
291699005126,0:4:51:699
291799987792,0:4:51:799
291898986816,0:4:51:898
292000000000,0:4:52:0
292100006103,0:4:52:100
292199005126,0:4:52:199
292299987792,0:4:52:299
292398986816,0:4:52:398
292500000000,0:4:52:500
292600006103,0:4:52:600
292699005126,0:4:52:699
292799987792,0:4:52:799
292898986816,0:4:52:898
293000000000,0:4:53:0
293100006103,0:4:53:100
293199005126,0:4:53:199
293299987792,0:4:53:299
293398986816,0:4:53:398
293500000000,0:4:53:500
293600006103,0:4:53:600
293699005126,0:4:53:699
293799987792,0:4:53:799
293898986816,0:4:53:898
294000000000,0:4:54:0
294100006103,0:4:54:100
294199005126,0:4:54:199
294299987792,0:4:54:299
294398986816,0:4:54:398
294500000000,0:4:54:500
294600006103,0:4:54:600
294699005126,0:4:54:699
294799987792,0:4:54:799
294898986816,0:4:54:898
295000000000,0:4:55:0
295100006103,0:4:55:100
295199005126,0:4:55:199
295299987792,0:4:55:299
295398986816,0:4:55:398
295500000000,0:4:55:500
295600006103,0:4:55:600
295699005126,0:4:55:699
295799987792,0:4:55:799
295898986816,0:4:55:898
296000000000,0:4:56:0
296100006103,0:4:56:100
296199005126,0:4:56:199
296299987792,0:4:56:299
296398986816,0:4:56:398
296500000000,0:4:56:500
296600006103,0:4:56:600
296699005126,0:4:56:699
296799987792,0:4:56:799
296898986816,0:4:56:898
297000000000,0:4:57:0
297100006103,0:4:57:100
297199005126,0:4:57:199
297299987792,0:4:57:299
297398986816,0:4:57:398
297500000000,0:4:57:500
297600006103,0:4:57:600
297699005126,0:4:57:699
297799987792,0:4:57:799
297898986816,0:4:57:898
298000000000,0:4:58:0
298100006103,0:4:58:100
298199005126,0:4:58:199
298299987792,0:4:58:299
298398986816,0:4:58:398
298500000000,0:4:58:500
298600006103,0:4:58:600
298699005126,0:4:58:699
